<?xml version="1.0" encoding="UTF-8"?>
<export version="D">
  <design>
    <source>/home/student/Documents/HUP_BRB/kicad/motorDrive/motorDrive.sch</source>
    <date>wo 11 mei 2022 13:57:40 CEST</date>
    <tool>Eeschema 5.1.5+dfsg1-2build2</tool>
    <sheet number="1" name="/" tstamps="/">
      <title_block>
        <title>Galvo with BLDC</title>
        <company>Fontys </company>
        <rev>V1.1</rev>
        <date>2022-05-09</date>
        <source>motorDrive.sch</source>
        <comment number="1" value="Designer: Wouter Mulder "/>
        <comment number="2" value=""/>
        <comment number="3" value=""/>
        <comment number="4" value=""/>
      </title_block>
    </sheet>
    <sheet number="2" name="/Motor control X/" tstamps="/626D9CCE/">
      <title_block>
        <title>Galvo with BLDC</title>
        <company>Fontys </company>
        <rev>V1.0</rev>
        <date/>
        <source>Motor control X.sch</source>
        <comment number="1" value="Designer: Wouter Mulder "/>
        <comment number="2" value="All resistors should be 1% or better"/>
        <comment number="3" value=""/>
        <comment number="4" value=""/>
      </title_block>
    </sheet>
    <sheet number="3" name="/sheet626F2EAA/" tstamps="/626F2EB3/">
      <title_block>
        <title>Galvo with BLDC</title>
        <company>Fontys </company>
        <rev>V1.0</rev>
        <date/>
        <source>Motor control X.sch</source>
        <comment number="1" value="Designer: Wouter Mulder "/>
        <comment number="2" value="All resistors should be 1% or better"/>
        <comment number="3" value=""/>
        <comment number="4" value=""/>
      </title_block>
    </sheet>
    <sheet number="4" name="/laser/" tstamps="/626C1132/">
      <title_block>
        <title>Laser</title>
        <company>Fontys </company>
        <rev>V1.0</rev>
        <date>2022-04-29</date>
        <source>laser.sch</source>
        <comment number="1" value="Designer: Wouter Mulder "/>
        <comment number="2" value="Laser is class 1"/>
        <comment number="3" value=""/>
        <comment number="4" value=""/>
      </title_block>
    </sheet>
    <sheet number="5" name="/Power supply/" tstamps="/626ED361/">
      <title_block>
        <title>Power supply</title>
        <company>Fontys </company>
        <rev>V1.1</rev>
        <date>2022-05-09</date>
        <source>powerSupply.sch</source>
        <comment number="1" value="Designer: Wouter Mulder "/>
        <comment number="2" value="All resistors should be withing 1% or better"/>
        <comment number="3" value="R7 has to be 0.1% or better "/>
        <comment number="4" value=""/>
      </title_block>
    </sheet>
    <sheet number="6" name="/Miscellaneous/" tstamps="/62715E67/">
      <title_block>
        <title>Miscellaneous</title>
        <company>Fontys </company>
        <rev>V1.0</rev>
        <date>2022-04-29</date>
        <source>Miscellaneous.sch</source>
        <comment number="1" value="Designer: Wouter Mulder "/>
        <comment number="2" value=""/>
        <comment number="3" value=""/>
        <comment number="4" value=""/>
      </title_block>
    </sheet>
  </design>
  <components>
    <comp ref="U1">
      <value>Pico</value>
      <footprint>MCU_RaspberryPi_and_Boards:RPi_Pico_SMD</footprint>
      <libsource lib="MCU_RaspberryPi_and_Boards" part="Pico" description=""/>
      <sheetpath names="/" tstamps="/"/>
      <tstamp>626F4567</tstamp>
    </comp>
    <comp ref="D1">
      <value>LED_ABRG</value>
      <footprint>LED_SMD:LED_RGB_5050-6</footprint>
      <datasheet>~</datasheet>
      <libsource lib="Device" part="LED_ABRG" description="RGB LED, anode/blue/red/green"/>
      <sheetpath names="/" tstamps="/"/>
      <tstamp>626CA8DC</tstamp>
    </comp>
    <comp ref="R1">
      <value>68R</value>
      <footprint>Resistor_SMD:R_0805_2012Metric_Pad1.15x1.40mm_HandSolder</footprint>
      <datasheet>~</datasheet>
      <libsource lib="Device" part="R" description="Resistor"/>
      <sheetpath names="/" tstamps="/"/>
      <tstamp>626D8104</tstamp>
    </comp>
    <comp ref="R2">
      <value>82R</value>
      <footprint>Resistor_SMD:R_0805_2012Metric_Pad1.15x1.40mm_HandSolder</footprint>
      <datasheet>~</datasheet>
      <libsource lib="Device" part="R" description="Resistor"/>
      <sheetpath names="/" tstamps="/"/>
      <tstamp>626D85A9</tstamp>
    </comp>
    <comp ref="R3">
      <value>82R</value>
      <footprint>Resistor_SMD:R_0805_2012Metric_Pad1.15x1.40mm_HandSolder</footprint>
      <datasheet>~</datasheet>
      <libsource lib="Device" part="R" description="Resistor"/>
      <sheetpath names="/" tstamps="/"/>
      <tstamp>626D87F2</tstamp>
    </comp>
    <comp ref="C3">
      <value>C</value>
      <footprint>Capacitor_SMD:C_0805_2012Metric_Pad1.15x1.40mm_HandSolder</footprint>
      <datasheet>~</datasheet>
      <libsource lib="Device" part="C" description="Unpolarized capacitor"/>
      <sheetpath names="/Motor control X/" tstamps="/626D9CCE/"/>
      <tstamp>626DF3DE</tstamp>
    </comp>
    <comp ref="C2">
      <value>C</value>
      <footprint>Capacitor_SMD:C_0805_2012Metric_Pad1.15x1.40mm_HandSolder</footprint>
      <datasheet>~</datasheet>
      <libsource lib="Device" part="C" description="Unpolarized capacitor"/>
      <sheetpath names="/Motor control X/" tstamps="/626D9CCE/"/>
      <tstamp>626DF3E4</tstamp>
    </comp>
    <comp ref="C1">
      <value>C</value>
      <footprint>Capacitor_SMD:C_0805_2012Metric_Pad1.15x1.40mm_HandSolder</footprint>
      <datasheet>~</datasheet>
      <libsource lib="Device" part="C" description="Unpolarized capacitor"/>
      <sheetpath names="/Motor control X/" tstamps="/626D9CCE/"/>
      <tstamp>626DF3EA</tstamp>
    </comp>
    <comp ref="J1">
      <value>Conn_01x03_Female</value>
      <footprint>motorDrive:PinHeader_1x03_P2.54mm_Vertical</footprint>
      <datasheet>~</datasheet>
      <libsource lib="Connector" part="Conn_01x03_Female" description="Generic connector, single row, 01x03, script generated (kicad-library-utils/schlib/autogen/connector/)"/>
      <sheetpath names="/Motor control X/" tstamps="/626D9CCE/"/>
      <tstamp>626DF437</tstamp>
    </comp>
    <comp ref="R4">
      <value>0.5R</value>
      <footprint>Resistor_SMD:R_0805_2012Metric_Pad1.15x1.40mm_HandSolder</footprint>
      <datasheet>~</datasheet>
      <libsource lib="Device" part="R" description="Resistor"/>
      <sheetpath names="/Motor control X/" tstamps="/626D9CCE/"/>
      <tstamp>626DF426</tstamp>
    </comp>
    <comp ref="U2">
      <value>FSB50550BL</value>
      <footprint>motorDrive:FSB50550BL</footprint>
      <libsource lib="motorDrive" part="FSB50550BL" description=""/>
      <sheetpath names="/Motor control X/" tstamps="/626D9CCE/"/>
      <tstamp>626DF3D0</tstamp>
    </comp>
    <comp ref="C4">
      <value>10n</value>
      <footprint>Capacitor_SMD:C_0805_2012Metric_Pad1.15x1.40mm_HandSolder</footprint>
      <datasheet>~</datasheet>
      <libsource lib="Device" part="C" description="Unpolarized capacitor"/>
      <sheetpath names="/Motor control X/" tstamps="/626D9CCE/"/>
      <tstamp>627A9FAC</tstamp>
    </comp>
    <comp ref="C5">
      <value>10n</value>
      <footprint>Capacitor_SMD:C_0805_2012Metric_Pad1.15x1.40mm_HandSolder</footprint>
      <datasheet>~</datasheet>
      <libsource lib="Device" part="C" description="Unpolarized capacitor"/>
      <sheetpath names="/Motor control X/" tstamps="/626D9CCE/"/>
      <tstamp>627AA66E</tstamp>
    </comp>
    <comp ref="C8">
      <value>C</value>
      <footprint>Capacitor_SMD:C_0805_2012Metric_Pad1.15x1.40mm_HandSolder</footprint>
      <datasheet>~</datasheet>
      <libsource lib="Device" part="C" description="Unpolarized capacitor"/>
      <sheetpath names="/sheet626F2EAA/" tstamps="/626F2EB3/"/>
      <tstamp>626DF3DE</tstamp>
    </comp>
    <comp ref="C7">
      <value>C</value>
      <footprint>Capacitor_SMD:C_0805_2012Metric_Pad1.15x1.40mm_HandSolder</footprint>
      <datasheet>~</datasheet>
      <libsource lib="Device" part="C" description="Unpolarized capacitor"/>
      <sheetpath names="/sheet626F2EAA/" tstamps="/626F2EB3/"/>
      <tstamp>626DF3E4</tstamp>
    </comp>
    <comp ref="C6">
      <value>C</value>
      <footprint>Capacitor_SMD:C_0805_2012Metric_Pad1.15x1.40mm_HandSolder</footprint>
      <datasheet>~</datasheet>
      <libsource lib="Device" part="C" description="Unpolarized capacitor"/>
      <sheetpath names="/sheet626F2EAA/" tstamps="/626F2EB3/"/>
      <tstamp>626DF3EA</tstamp>
    </comp>
    <comp ref="J2">
      <value>Conn_01x03_Female</value>
      <footprint>motorDrive:PinHeader_1x03_P2.54mm_Vertical</footprint>
      <datasheet>~</datasheet>
      <libsource lib="Connector" part="Conn_01x03_Female" description="Generic connector, single row, 01x03, script generated (kicad-library-utils/schlib/autogen/connector/)"/>
      <sheetpath names="/sheet626F2EAA/" tstamps="/626F2EB3/"/>
      <tstamp>626DF437</tstamp>
    </comp>
    <comp ref="R5">
      <value>0.5R</value>
      <footprint>Resistor_SMD:R_0805_2012Metric_Pad1.15x1.40mm_HandSolder</footprint>
      <datasheet>~</datasheet>
      <libsource lib="Device" part="R" description="Resistor"/>
      <sheetpath names="/sheet626F2EAA/" tstamps="/626F2EB3/"/>
      <tstamp>626DF426</tstamp>
    </comp>
    <comp ref="U3">
      <value>FSB50550BL</value>
      <footprint>motorDrive:FSB50550BL</footprint>
      <libsource lib="motorDrive" part="FSB50550BL" description=""/>
      <sheetpath names="/sheet626F2EAA/" tstamps="/626F2EB3/"/>
      <tstamp>626DF3D0</tstamp>
    </comp>
    <comp ref="C9">
      <value>10n</value>
      <footprint>Capacitor_SMD:C_0805_2012Metric_Pad1.15x1.40mm_HandSolder</footprint>
      <datasheet>~</datasheet>
      <libsource lib="Device" part="C" description="Unpolarized capacitor"/>
      <sheetpath names="/sheet626F2EAA/" tstamps="/626F2EB3/"/>
      <tstamp>627A9FAC</tstamp>
    </comp>
    <comp ref="C10">
      <value>10n</value>
      <footprint>Capacitor_SMD:C_0805_2012Metric_Pad1.15x1.40mm_HandSolder</footprint>
      <datasheet>~</datasheet>
      <libsource lib="Device" part="C" description="Unpolarized capacitor"/>
      <sheetpath names="/sheet626F2EAA/" tstamps="/626F2EB3/"/>
      <tstamp>627AA66E</tstamp>
    </comp>
    <comp ref="LD1">
      <value>Laserdiode_1A3C</value>
      <footprint>Package_TO_SOT_THT:TO-18-3_Lens</footprint>
      <datasheet>~</datasheet>
      <libsource lib="Device" part="Laserdiode_1A3C" description="Laser diode, cathode on pin 3, anode on pin 1"/>
      <sheetpath names="/laser/" tstamps="/626C1132/"/>
      <tstamp>626C19D2</tstamp>
    </comp>
    <comp ref="R6">
      <value>4k7</value>
      <footprint>Resistor_SMD:R_0805_2012Metric_Pad1.15x1.40mm_HandSolder</footprint>
      <datasheet>~</datasheet>
      <libsource lib="Device" part="R" description="Resistor"/>
      <sheetpath names="/laser/" tstamps="/626C1132/"/>
      <tstamp>626C3845</tstamp>
    </comp>
    <comp ref="Q1">
      <value>DMG3402L</value>
      <footprint>Package_TO_SOT_SMD:SOT-23</footprint>
      <datasheet>http://www.diodes.com/assets/Datasheets/DMG3402L.pdf</datasheet>
      <libsource lib="Transistor_FET" part="DMG3402L" description="4A Id, 30V Vds, N-Channel MOSFET, SOT-23"/>
      <sheetpath names="/laser/" tstamps="/626C1132/"/>
      <tstamp>62877409</tstamp>
    </comp>
    <comp ref="U4">
      <value>MC34063AD</value>
      <footprint>Package_SO:SOIC-8_3.9x4.9mm_P1.27mm</footprint>
      <datasheet>http://www.onsemi.com/pub_link/Collateral/MC34063A-D.PDF</datasheet>
      <libsource lib="Regulator_Switching" part="MC34063AD" description="1.5A, step-up/down/inverting switching regulator, 3-40V Vin, 100kHz, SO-8"/>
      <sheetpath names="/Power supply/" tstamps="/626ED361/"/>
      <tstamp>626FA204</tstamp>
    </comp>
    <comp ref="D3">
      <value>1N5819</value>
      <footprint>Diode_THT:D_DO-41_SOD81_P10.16mm_Horizontal</footprint>
      <datasheet>http://www.vishay.com/docs/88525/1n5817.pdf</datasheet>
      <libsource lib="Diode" part="1N5819" description="40V 1A Schottky Barrier Rectifier Diode, DO-41"/>
      <sheetpath names="/Power supply/" tstamps="/626ED361/"/>
      <tstamp>626FA217</tstamp>
    </comp>
    <comp ref="C13">
      <value>470u</value>
      <footprint>Capacitor_SMD:C_Elec_8x10.2</footprint>
      <datasheet>~</datasheet>
      <libsource lib="Device" part="CP" description="Polarized capacitor"/>
      <sheetpath names="/Power supply/" tstamps="/626ED361/"/>
      <tstamp>626FA21D</tstamp>
    </comp>
    <comp ref="L1">
      <value>47uH</value>
      <footprint>Inductor_SMD:L_Bourns-SRN1060</footprint>
      <datasheet>~</datasheet>
      <libsource lib="Device" part="L" description="Inductor"/>
      <sheetpath names="/Power supply/" tstamps="/626ED361/"/>
      <tstamp>626FA223</tstamp>
    </comp>
    <comp ref="R9">
      <value>180</value>
      <footprint>Resistor_SMD:R_0805_2012Metric_Pad1.15x1.40mm_HandSolder</footprint>
      <datasheet>~</datasheet>
      <libsource lib="Device" part="R" description="Resistor"/>
      <sheetpath names="/Power supply/" tstamps="/626ED361/"/>
      <tstamp>626FA230</tstamp>
    </comp>
    <comp ref="R11">
      <value>4k7</value>
      <footprint>Resistor_SMD:R_0805_2012Metric_Pad1.15x1.40mm_HandSolder</footprint>
      <datasheet>~</datasheet>
      <libsource lib="Device" part="R" description="Resistor"/>
      <sheetpath names="/Power supply/" tstamps="/626ED361/"/>
      <tstamp>626FA247</tstamp>
    </comp>
    <comp ref="R10">
      <value>420R</value>
      <footprint>Resistor_SMD:R_0805_2012Metric_Pad1.15x1.40mm_HandSolder</footprint>
      <datasheet>~</datasheet>
      <libsource lib="Device" part="R" description="Resistor"/>
      <sheetpath names="/Power supply/" tstamps="/626ED361/"/>
      <tstamp>626FA24D</tstamp>
    </comp>
    <comp ref="C11">
      <value>470u</value>
      <footprint>Capacitor_SMD:C_Elec_5x5.4</footprint>
      <datasheet>~</datasheet>
      <libsource lib="Device" part="CP" description="Polarized capacitor"/>
      <sheetpath names="/Power supply/" tstamps="/626ED361/"/>
      <tstamp>626FA26C</tstamp>
    </comp>
    <comp ref="C12">
      <value>270p</value>
      <footprint>Capacitor_SMD:C_0805_2012Metric_Pad1.15x1.40mm_HandSolder</footprint>
      <datasheet>~</datasheet>
      <libsource lib="Device" part="C" description="Unpolarized capacitor"/>
      <sheetpath names="/Power supply/" tstamps="/626ED361/"/>
      <tstamp>626FA28B</tstamp>
    </comp>
    <comp ref="R8">
      <value>0.06R</value>
      <footprint>Resistor_SMD:R_0805_2012Metric_Pad1.15x1.40mm_HandSolder</footprint>
      <datasheet>~</datasheet>
      <libsource lib="Device" part="R" description="Resistor"/>
      <sheetpath names="/Power supply/" tstamps="/626ED361/"/>
      <tstamp>626BEC09</tstamp>
    </comp>
    <comp ref="D4">
      <value>LED</value>
      <footprint>LED_SMD:LED_0805_2012Metric_Pad1.15x1.40mm_HandSolder</footprint>
      <datasheet>~</datasheet>
      <libsource lib="Device" part="LED" description="Light emitting diode"/>
      <sheetpath names="/Power supply/" tstamps="/626ED361/"/>
      <tstamp>626C706D</tstamp>
    </comp>
    <comp ref="R12">
      <value>680R</value>
      <footprint>Resistor_SMD:R_0805_2012Metric_Pad1.15x1.40mm_HandSolder</footprint>
      <datasheet>~</datasheet>
      <libsource lib="Device" part="R" description="Resistor"/>
      <sheetpath names="/Power supply/" tstamps="/626ED361/"/>
      <tstamp>626C7E30</tstamp>
    </comp>
    <comp ref="D2">
      <value>LED</value>
      <footprint>LED_SMD:LED_0805_2012Metric_Pad1.15x1.40mm_HandSolder</footprint>
      <datasheet>~</datasheet>
      <libsource lib="Device" part="LED" description="Light emitting diode"/>
      <sheetpath names="/Power supply/" tstamps="/626ED361/"/>
      <tstamp>627982CF</tstamp>
    </comp>
    <comp ref="R7">
      <value>560R</value>
      <footprint>Resistor_SMD:R_0805_2012Metric_Pad1.15x1.40mm_HandSolder</footprint>
      <datasheet>~</datasheet>
      <libsource lib="Device" part="R" description="Resistor"/>
      <sheetpath names="/Power supply/" tstamps="/626ED361/"/>
      <tstamp>62797433</tstamp>
    </comp>
    <comp ref="J3">
      <value>Screw_Terminal_01x02</value>
      <footprint>TerminalBlock_Phoenix:TerminalBlock_Phoenix_MKDS-1,5-2-5.08_1x02_P5.08mm_Horizontal</footprint>
      <datasheet>~</datasheet>
      <libsource lib="Connector" part="Screw_Terminal_01x02" description="Generic screw terminal, single row, 01x02, script generated (kicad-library-utils/schlib/autogen/connector/)"/>
      <sheetpath names="/Power supply/" tstamps="/626ED361/"/>
      <tstamp>6278F2AB</tstamp>
    </comp>
    <comp ref="F1">
      <value>1A</value>
      <footprint>Fuse:Fuse_1206_3216Metric</footprint>
      <datasheet>~</datasheet>
      <libsource lib="Device" part="Fuse" description="Fuse"/>
      <sheetpath names="/Power supply/" tstamps="/626ED361/"/>
      <tstamp>626FB158</tstamp>
    </comp>
    <comp ref="H1">
      <value>MountingHole</value>
      <footprint>MountingHole:MountingHole_3.2mm_M3</footprint>
      <datasheet>~</datasheet>
      <libsource lib="Mechanical" part="MountingHole" description="Mounting Hole without connection"/>
      <sheetpath names="/Miscellaneous/" tstamps="/62715E67/"/>
      <tstamp>6271638B</tstamp>
    </comp>
    <comp ref="H2">
      <value>MountingHole</value>
      <footprint>MountingHole:MountingHole_3.2mm_M3</footprint>
      <datasheet>~</datasheet>
      <libsource lib="Mechanical" part="MountingHole" description="Mounting Hole without connection"/>
      <sheetpath names="/Miscellaneous/" tstamps="/62715E67/"/>
      <tstamp>6271693D</tstamp>
    </comp>
    <comp ref="H3">
      <value>MountingHole</value>
      <footprint>MountingHole:MountingHole_3.2mm_M3</footprint>
      <datasheet>~</datasheet>
      <libsource lib="Mechanical" part="MountingHole" description="Mounting Hole without connection"/>
      <sheetpath names="/Miscellaneous/" tstamps="/62715E67/"/>
      <tstamp>62716ADF</tstamp>
    </comp>
    <comp ref="H4">
      <value>MountingHole</value>
      <footprint>MountingHole:MountingHole_3.2mm_M3</footprint>
      <datasheet>~</datasheet>
      <libsource lib="Mechanical" part="MountingHole" description="Mounting Hole without connection"/>
      <sheetpath names="/Miscellaneous/" tstamps="/62715E67/"/>
      <tstamp>62716BBF</tstamp>
    </comp>
    <comp ref="FID1">
      <value>Fiducial</value>
      <footprint>Fiducial:Fiducial_1mm_Mask2mm</footprint>
      <datasheet>~</datasheet>
      <libsource lib="Mechanical" part="Fiducial" description="Fiducial Marker"/>
      <sheetpath names="/Miscellaneous/" tstamps="/62715E67/"/>
      <tstamp>62716F56</tstamp>
    </comp>
    <comp ref="FID2">
      <value>Fiducial</value>
      <footprint>Fiducial:Fiducial_1mm_Mask2mm</footprint>
      <datasheet>~</datasheet>
      <libsource lib="Mechanical" part="Fiducial" description="Fiducial Marker"/>
      <sheetpath names="/Miscellaneous/" tstamps="/62715E67/"/>
      <tstamp>627171BF</tstamp>
    </comp>
    <comp ref="FID3">
      <value>Fiducial</value>
      <footprint>Fiducial:Fiducial_1mm_Mask2mm</footprint>
      <datasheet>~</datasheet>
      <libsource lib="Mechanical" part="Fiducial" description="Fiducial Marker"/>
      <sheetpath names="/Miscellaneous/" tstamps="/62715E67/"/>
      <tstamp>62717320</tstamp>
    </comp>
    <comp ref="H5">
      <value>MountingHole</value>
      <footprint>MountingHole:MountingHole_3.2mm_M3</footprint>
      <datasheet>~</datasheet>
      <libsource lib="Mechanical" part="MountingHole" description="Mounting Hole without connection"/>
      <sheetpath names="/Miscellaneous/" tstamps="/62715E67/"/>
      <tstamp>627EBD82</tstamp>
    </comp>
    <comp ref="H6">
      <value>MountingHole</value>
      <footprint>MountingHole:MountingHole_3.2mm_M3</footprint>
      <datasheet>~</datasheet>
      <libsource lib="Mechanical" part="MountingHole" description="Mounting Hole without connection"/>
      <sheetpath names="/Miscellaneous/" tstamps="/62715E67/"/>
      <tstamp>627EBD88</tstamp>
    </comp>
    <comp ref="H7">
      <value>MountingHole</value>
      <footprint>MountingHole:MountingHole_3.2mm_M3</footprint>
      <datasheet>~</datasheet>
      <libsource lib="Mechanical" part="MountingHole" description="Mounting Hole without connection"/>
      <sheetpath names="/Miscellaneous/" tstamps="/62715E67/"/>
      <tstamp>627EBD8E</tstamp>
    </comp>
    <comp ref="H8">
      <value>MountingHole</value>
      <footprint>MountingHole:MountingHole_3.2mm_M3</footprint>
      <datasheet>~</datasheet>
      <libsource lib="Mechanical" part="MountingHole" description="Mounting Hole without connection"/>
      <sheetpath names="/Miscellaneous/" tstamps="/62715E67/"/>
      <tstamp>627EBD94</tstamp>
    </comp>
    <comp ref="H9">
      <value>MountingHole</value>
      <footprint>MountingHole:MountingHole_6.5mm</footprint>
      <datasheet>~</datasheet>
      <libsource lib="Mechanical" part="MountingHole" description="Mounting Hole without connection"/>
      <sheetpath names="/Miscellaneous/" tstamps="/62715E67/"/>
      <tstamp>627EDABD</tstamp>
    </comp>
    <comp ref="H10">
      <value>MountingHole</value>
      <footprint>MountingHole:MountingHole_3.2mm_M3</footprint>
      <datasheet>~</datasheet>
      <libsource lib="Mechanical" part="MountingHole" description="Mounting Hole without connection"/>
      <sheetpath names="/Miscellaneous/" tstamps="/62715E67/"/>
      <tstamp>628398F8</tstamp>
    </comp>
    <comp ref="H11">
      <value>MountingHole</value>
      <footprint>MountingHole:MountingHole_3.2mm_M3</footprint>
      <datasheet>~</datasheet>
      <libsource lib="Mechanical" part="MountingHole" description="Mounting Hole without connection"/>
      <sheetpath names="/Miscellaneous/" tstamps="/62715E67/"/>
      <tstamp>628398FE</tstamp>
    </comp>
    <comp ref="H12">
      <value>MountingHole</value>
      <footprint>MountingHole:MountingHole_3.2mm_M3</footprint>
      <datasheet>~</datasheet>
      <libsource lib="Mechanical" part="MountingHole" description="Mounting Hole without connection"/>
      <sheetpath names="/Miscellaneous/" tstamps="/62715E67/"/>
      <tstamp>62839904</tstamp>
    </comp>
  </components>
  <libparts>
    <libpart lib="Connector" part="Conn_01x03_Female">
      <description>Generic connector, single row, 01x03, script generated (kicad-library-utils/schlib/autogen/connector/)</description>
      <docs>~</docs>
      <footprints>
        <fp>Connector*:*_1x??_*</fp>
      </footprints>
      <fields>
        <field name="Reference">J</field>
        <field name="Value">Conn_01x03_Female</field>
      </fields>
      <pins>
        <pin num="1" name="Pin_1" type="passive"/>
        <pin num="2" name="Pin_2" type="passive"/>
        <pin num="3" name="Pin_3" type="passive"/>
      </pins>
    </libpart>
    <libpart lib="Connector" part="Screw_Terminal_01x02">
      <description>Generic screw terminal, single row, 01x02, script generated (kicad-library-utils/schlib/autogen/connector/)</description>
      <docs>~</docs>
      <footprints>
        <fp>TerminalBlock*:*</fp>
      </footprints>
      <fields>
        <field name="Reference">J</field>
        <field name="Value">Screw_Terminal_01x02</field>
      </fields>
      <pins>
        <pin num="1" name="Pin_1" type="passive"/>
        <pin num="2" name="Pin_2" type="passive"/>
      </pins>
    </libpart>
    <libpart lib="Device" part="C">
      <description>Unpolarized capacitor</description>
      <docs>~</docs>
      <footprints>
        <fp>C_*</fp>
      </footprints>
      <fields>
        <field name="Reference">C</field>
        <field name="Value">C</field>
      </fields>
      <pins>
        <pin num="1" name="~" type="passive"/>
        <pin num="2" name="~" type="passive"/>
      </pins>
    </libpart>
    <libpart lib="Device" part="CP">
      <description>Polarized capacitor</description>
      <docs>~</docs>
      <footprints>
        <fp>CP_*</fp>
      </footprints>
      <fields>
        <field name="Reference">C</field>
        <field name="Value">CP</field>
      </fields>
      <pins>
        <pin num="1" name="~" type="passive"/>
        <pin num="2" name="~" type="passive"/>
      </pins>
    </libpart>
    <libpart lib="Device" part="Fuse">
      <description>Fuse</description>
      <docs>~</docs>
      <footprints>
        <fp>*Fuse*</fp>
      </footprints>
      <fields>
        <field name="Reference">F</field>
        <field name="Value">Fuse</field>
      </fields>
      <pins>
        <pin num="1" name="~" type="passive"/>
        <pin num="2" name="~" type="passive"/>
      </pins>
    </libpart>
    <libpart lib="Device" part="L">
      <description>Inductor</description>
      <docs>~</docs>
      <footprints>
        <fp>Choke_*</fp>
        <fp>*Coil*</fp>
        <fp>Inductor_*</fp>
        <fp>L_*</fp>
      </footprints>
      <fields>
        <field name="Reference">L</field>
        <field name="Value">L</field>
      </fields>
      <pins>
        <pin num="1" name="1" type="passive"/>
        <pin num="2" name="2" type="passive"/>
      </pins>
    </libpart>
    <libpart lib="Device" part="LED">
      <description>Light emitting diode</description>
      <docs>~</docs>
      <footprints>
        <fp>LED*</fp>
        <fp>LED_SMD:*</fp>
        <fp>LED_THT:*</fp>
      </footprints>
      <fields>
        <field name="Reference">D</field>
        <field name="Value">LED</field>
      </fields>
      <pins>
        <pin num="1" name="K" type="passive"/>
        <pin num="2" name="A" type="passive"/>
      </pins>
    </libpart>
    <libpart lib="Device" part="LED_ABRG">
      <description>RGB LED, anode/blue/red/green</description>
      <docs>~</docs>
      <footprints>
        <fp>LED*</fp>
        <fp>LED_SMD:*</fp>
        <fp>LED_THT:*</fp>
      </footprints>
      <fields>
        <field name="Reference">D</field>
        <field name="Value">LED_ABRG</field>
      </fields>
      <pins>
        <pin num="1" name="A" type="passive"/>
        <pin num="2" name="BK" type="passive"/>
        <pin num="3" name="RK" type="passive"/>
        <pin num="4" name="GK" type="passive"/>
      </pins>
    </libpart>
    <libpart lib="Device" part="Laserdiode_1A3C">
      <description>Laser diode, cathode on pin 3, anode on pin 1</description>
      <docs>~</docs>
      <footprints>
        <fp>*LaserDiode*</fp>
      </footprints>
      <fields>
        <field name="Reference">LD</field>
        <field name="Value">Laserdiode_1A3C</field>
      </fields>
      <pins>
        <pin num="1" name="A" type="passive"/>
        <pin num="3" name="K" type="passive"/>
      </pins>
    </libpart>
    <libpart lib="Device" part="R">
      <description>Resistor</description>
      <docs>~</docs>
      <footprints>
        <fp>R_*</fp>
      </footprints>
      <fields>
        <field name="Reference">R</field>
        <field name="Value">R</field>
      </fields>
      <pins>
        <pin num="1" name="~" type="passive"/>
        <pin num="2" name="~" type="passive"/>
      </pins>
    </libpart>
    <libpart lib="Diode" part="SB120">
      <aliases>
        <alias>SB130</alias>
        <alias>SB140</alias>
        <alias>SB150</alias>
        <alias>SB160</alias>
        <alias>1N5817</alias>
        <alias>1N5818</alias>
        <alias>1N5819</alias>
      </aliases>
      <description>20V 1A Schottky Barrier Rectifier Diode, DO-41</description>
      <docs>http://www.diodes.com/_files/datasheets/ds23022.pdf</docs>
      <footprints>
        <fp>D*DO?41*</fp>
      </footprints>
      <fields>
        <field name="Reference">D</field>
        <field name="Value">SB120</field>
        <field name="Footprint">Diode_THT:D_DO-41_SOD81_P10.16mm_Horizontal</field>
      </fields>
      <pins>
        <pin num="1" name="K" type="passive"/>
        <pin num="2" name="A" type="passive"/>
      </pins>
    </libpart>
    <libpart lib="MCU_RaspberryPi_and_Boards" part="Pico">
      <fields>
        <field name="Reference">U</field>
        <field name="Value">Pico</field>
        <field name="Footprint">RPi_Pico:RPi_Pico_SMD_TH</field>
      </fields>
      <pins>
        <pin num="1" name="GPIO0" type="BiDi"/>
        <pin num="2" name="GPIO1" type="BiDi"/>
        <pin num="3" name="GND" type="power_in"/>
        <pin num="4" name="GPIO2" type="BiDi"/>
        <pin num="5" name="GPIO3" type="BiDi"/>
        <pin num="6" name="GPIO4" type="BiDi"/>
        <pin num="7" name="GPIO5" type="BiDi"/>
        <pin num="8" name="GND" type="power_in"/>
        <pin num="9" name="GPIO6" type="BiDi"/>
        <pin num="10" name="GPIO7" type="BiDi"/>
        <pin num="11" name="GPIO8" type="BiDi"/>
        <pin num="12" name="GPIO9" type="BiDi"/>
        <pin num="13" name="GND" type="power_in"/>
        <pin num="14" name="GPIO10" type="BiDi"/>
        <pin num="15" name="GPIO11" type="BiDi"/>
        <pin num="16" name="GPIO12" type="BiDi"/>
        <pin num="17" name="GPIO13" type="BiDi"/>
        <pin num="18" name="GND" type="power_in"/>
        <pin num="19" name="GPIO14" type="BiDi"/>
        <pin num="20" name="GPIO15" type="BiDi"/>
        <pin num="21" name="GPIO16" type="BiDi"/>
        <pin num="22" name="GPIO17" type="BiDi"/>
        <pin num="23" name="GND" type="power_in"/>
        <pin num="24" name="GPIO18" type="BiDi"/>
        <pin num="25" name="GPIO19" type="BiDi"/>
        <pin num="26" name="GPIO20" type="BiDi"/>
        <pin num="27" name="GPIO21" type="BiDi"/>
        <pin num="28" name="GND" type="power_in"/>
        <pin num="29" name="GPIO22" type="BiDi"/>
        <pin num="30" name="RUN" type="input"/>
        <pin num="31" name="GPIO26_ADC0" type="BiDi"/>
        <pin num="32" name="GPIO27_ADC1" type="BiDi"/>
        <pin num="33" name="AGND" type="power_in"/>
        <pin num="34" name="GPIO28_ADC2" type="BiDi"/>
        <pin num="35" name="ADC_VREF" type="unspc"/>
        <pin num="36" name="3V3" type="unspc"/>
        <pin num="37" name="3V3_EN" type="input"/>
        <pin num="38" name="GND" type="BiDi"/>
        <pin num="39" name="VSYS" type="unspc"/>
        <pin num="40" name="VBUS" type="unspc"/>
        <pin num="41" name="SWCLK" type="input"/>
        <pin num="42" name="GND" type="power_in"/>
        <pin num="43" name="SWDIO" type="BiDi"/>
      </pins>
    </libpart>
    <libpart lib="Mechanical" part="Fiducial">
      <description>Fiducial Marker</description>
      <docs>~</docs>
      <footprints>
        <fp>Fiducial*</fp>
      </footprints>
      <fields>
        <field name="Reference">FID</field>
        <field name="Value">Fiducial</field>
      </fields>
    </libpart>
    <libpart lib="Mechanical" part="MountingHole">
      <description>Mounting Hole without connection</description>
      <docs>~</docs>
      <footprints>
        <fp>MountingHole*</fp>
      </footprints>
      <fields>
        <field name="Reference">H</field>
        <field name="Value">MountingHole</field>
      </fields>
    </libpart>
    <libpart lib="Regulator_Switching" part="MC33063AD">
      <aliases>
        <alias>SC33063AD</alias>
        <alias>NCV33063AVD</alias>
        <alias>MC34063AD</alias>
      </aliases>
      <description>1.5A, step-up/down/inverting switching regulator, 3-40V Vin, 100kHz, SO-8</description>
      <docs>http://www.onsemi.com/pub_link/Collateral/MC34063A-D.PDF</docs>
      <footprints>
        <fp>SOIC*3.9x4.9mm*P1.27mm*</fp>
      </footprints>
      <fields>
        <field name="Reference">U</field>
        <field name="Value">MC33063AD</field>
        <field name="Footprint">Package_SO:SOIC-8_3.9x4.9mm_P1.27mm</field>
      </fields>
      <pins>
        <pin num="1" name="SwC" type="openCol"/>
        <pin num="2" name="SwE" type="openEm"/>
        <pin num="3" name="TC" type="passive"/>
        <pin num="4" name="GND" type="power_in"/>
        <pin num="5" name="Vfb" type="input"/>
        <pin num="6" name="Vin" type="power_in"/>
        <pin num="7" name="Ipk" type="input"/>
        <pin num="8" name="DC" type="openCol"/>
      </pins>
    </libpart>
    <libpart lib="Transistor_FET" part="BSS138">
      <aliases>
        <alias>2N7002</alias>
        <alias>2N7002E</alias>
        <alias>2N7002H</alias>
        <alias>2N7002K</alias>
        <alias>BS170F</alias>
        <alias>BS870</alias>
        <alias>BSN20</alias>
        <alias>BSS123</alias>
        <alias>BSS127S</alias>
        <alias>DMG2302U</alias>
        <alias>DMG3402L</alias>
        <alias>DMG3404L</alias>
        <alias>DMG3406L</alias>
        <alias>DMG3414U</alias>
        <alias>DMG3418L</alias>
        <alias>DMN10H220L</alias>
        <alias>DMN10H700S</alias>
        <alias>DMN13H750S</alias>
        <alias>DMN2041L</alias>
        <alias>DMN2050L</alias>
        <alias>DMN2056U</alias>
        <alias>DMN2058U</alias>
        <alias>DMN2075U</alias>
        <alias>DMN2230U</alias>
        <alias>DMN24H11DS</alias>
        <alias>DMN24H3D5L</alias>
        <alias>DMN3042L</alias>
        <alias>DMN3051L</alias>
        <alias>DMN30H4D0L</alias>
        <alias>DMN3110S</alias>
        <alias>DMN3150L</alias>
        <alias>DMN3300U</alias>
        <alias>DMN3404L</alias>
        <alias>DMN6075S</alias>
        <alias>DMN6140L</alias>
        <alias>DMN67D7L</alias>
        <alias>DMN67D8L</alias>
        <alias>MMBF170</alias>
        <alias>VN10LF</alias>
        <alias>ZVN3306F</alias>
        <alias>ZVN3310F</alias>
        <alias>ZVN3320F</alias>
        <alias>ZVN4106F</alias>
        <alias>ZXM61N02F</alias>
        <alias>ZXM61N03F</alias>
        <alias>ZXMN10A07F</alias>
        <alias>ZXMN2A01F</alias>
        <alias>ZXMN2A14F</alias>
        <alias>ZXMN2B01F</alias>
        <alias>ZXMN2B14FH</alias>
        <alias>ZXMN2F30FH</alias>
        <alias>ZXMN2F34FH</alias>
        <alias>ZXMN3A01F</alias>
        <alias>ZXMN3A14F</alias>
        <alias>ZXMN3B01F</alias>
        <alias>ZXMN3B14F</alias>
        <alias>ZXMN3F30FH</alias>
        <alias>ZXMN6A07F</alias>
        <alias>IRLML0030</alias>
        <alias>IRLML2060</alias>
      </aliases>
      <description>50V Vds, 0.22A Id, N-Channel MOSFET, SOT-23</description>
      <docs>https://www.fairchildsemi.com/datasheets/BS/BSS138.pdf</docs>
      <footprints>
        <fp>SOT?23*</fp>
      </footprints>
      <fields>
        <field name="Reference">Q</field>
        <field name="Value">BSS138</field>
        <field name="Footprint">Package_TO_SOT_SMD:SOT-23</field>
      </fields>
      <pins>
        <pin num="1" name="G" type="input"/>
        <pin num="2" name="S" type="passive"/>
        <pin num="3" name="D" type="passive"/>
      </pins>
    </libpart>
    <libpart lib="motorDrive" part="FSB50550BL">
      <fields>
        <field name="Reference">U</field>
        <field name="Value">FSB50550BL</field>
      </fields>
      <pins>
        <pin num="1" name="COM" type="input"/>
        <pin num="2" name="VBu" type="input"/>
        <pin num="3" name="VDDu" type="input"/>
        <pin num="4" name="IN(UH)" type="input"/>
        <pin num="5" name="IN(UL)" type="input"/>
        <pin num="7" name="VBv" type="input"/>
        <pin num="8" name="VDDv" type="input"/>
        <pin num="9" name="IN(VH)" type="input"/>
        <pin num="10" name="IN(VL)" type="input"/>
        <pin num="11" name="Tvs" type="input"/>
        <pin num="12" name="VBw" type="input"/>
        <pin num="13" name="VDDw" type="input"/>
        <pin num="14" name="IN(WH)" type="input"/>
        <pin num="15" name="IN(WL)" type="input"/>
        <pin num="17" name="P" type="input"/>
        <pin num="18" name="U,VS(U)" type="input"/>
        <pin num="19" name="N(U)" type="input"/>
        <pin num="20" name="N(V)" type="input"/>
        <pin num="21" name="V,VS(V)" type="input"/>
        <pin num="22" name="N(W)" type="input"/>
        <pin num="23" name="W,VS(W)" type="input"/>
      </pins>
    </libpart>
  </libparts>
  <libraries>
    <library logical="Connector">
      <uri>/usr/share/kicad/library/Connector.lib</uri>
    </library>
    <library logical="Device">
      <uri>/usr/share/kicad/library/Device.lib</uri>
    </library>
    <library logical="Diode">
      <uri>/usr/share/kicad/library/Diode.lib</uri>
    </library>
    <library logical="MCU_RaspberryPi_and_Boards">
      <uri>/home/student/Documents/HUP_BRB/kicad/lib/RP_Silicon_KiCad-main/KiCadLibraries/MCU_RaspberryPi_and_Boards.lib</uri>
    </library>
    <library logical="Mechanical">
      <uri>/usr/share/kicad/library/Mechanical.lib</uri>
    </library>
    <library logical="Regulator_Switching">
      <uri>/usr/share/kicad/library/Regulator_Switching.lib</uri>
    </library>
    <library logical="Transistor_FET">
      <uri>/usr/share/kicad/library/Transistor_FET.lib</uri>
    </library>
    <library logical="motorDrive">
      <uri>/home/student/Documents/HUP_BRB/kicad/motorDrive/motorDrive.lib</uri>
    </library>
  </libraries>
  <nets>
    <net code="1" name="VH_Y">
      <node ref="U3" pin="9"/>
      <node ref="U1" pin="17"/>
    </net>
    <net code="2" name="UH_X">
      <node ref="U2" pin="4"/>
      <node ref="U1" pin="12"/>
    </net>
    <net code="3" name="UL_X">
      <node ref="U1" pin="11"/>
      <node ref="U2" pin="5"/>
    </net>
    <net code="4" name="VH_X">
      <node ref="U1" pin="10"/>
      <node ref="U2" pin="9"/>
    </net>
    <net code="5" name="VL_X">
      <node ref="U2" pin="10"/>
      <node ref="U1" pin="9"/>
    </net>
    <net code="6" name="WH_X">
      <node ref="U1" pin="7"/>
      <node ref="U2" pin="14"/>
    </net>
    <net code="7" name="WL_X">
      <node ref="U1" pin="6"/>
      <node ref="U2" pin="15"/>
    </net>
    <net code="8" name="Net-(U1-Pad1)">
      <node ref="U1" pin="1"/>
    </net>
    <net code="9" name="Net-(U1-Pad2)">
      <node ref="U1" pin="2"/>
    </net>
    <net code="10" name="UH_Y">
      <node ref="U1" pin="20"/>
      <node ref="U3" pin="4"/>
    </net>
    <net code="11" name="UL_Y">
      <node ref="U1" pin="19"/>
      <node ref="U3" pin="5"/>
    </net>
    <net code="12" name="VL_Y">
      <node ref="U3" pin="10"/>
      <node ref="U1" pin="16"/>
    </net>
    <net code="13" name="WH_Y">
      <node ref="U3" pin="14"/>
      <node ref="U1" pin="15"/>
    </net>
    <net code="14" name="WL_Y">
      <node ref="U3" pin="15"/>
      <node ref="U1" pin="14"/>
    </net>
    <net code="15" name="Net-(D1-Pad2)">
      <node ref="R3" pin="1"/>
      <node ref="D1" pin="2"/>
    </net>
    <net code="16" name="+5V">
      <node ref="LD1" pin="1"/>
      <node ref="D1" pin="1"/>
      <node ref="U1" pin="40"/>
    </net>
    <net code="17" name="Current_sense_X">
      <node ref="U1" pin="31"/>
      <node ref="R4" pin="1"/>
      <node ref="U2" pin="22"/>
      <node ref="U2" pin="20"/>
      <node ref="U2" pin="19"/>
    </net>
    <net code="18" name="Current_sense_Y">
      <node ref="U3" pin="22"/>
      <node ref="U3" pin="20"/>
      <node ref="U3" pin="19"/>
      <node ref="U1" pin="32"/>
      <node ref="R5" pin="1"/>
    </net>
    <net code="19" name="Net-(D1-Pad3)">
      <node ref="R1" pin="1"/>
      <node ref="D1" pin="3"/>
    </net>
    <net code="20" name="R">
      <node ref="U1" pin="27"/>
      <node ref="R1" pin="2"/>
    </net>
    <net code="21" name="Net-(D1-Pad4)">
      <node ref="D1" pin="4"/>
      <node ref="R2" pin="1"/>
    </net>
    <net code="22" name="G">
      <node ref="R2" pin="2"/>
      <node ref="U1" pin="24"/>
    </net>
    <net code="23" name="B">
      <node ref="R3" pin="2"/>
      <node ref="U1" pin="29"/>
    </net>
    <net code="24" name="laser_enable">
      <node ref="U1" pin="25"/>
      <node ref="R6" pin="2"/>
    </net>
    <net code="25" name="Net-(U1-Pad21)">
      <node ref="U1" pin="21"/>
    </net>
    <net code="26" name="Net-(U1-Pad22)">
      <node ref="U1" pin="22"/>
    </net>
    <net code="27" name="Net-(U1-Pad26)">
      <node ref="U1" pin="26"/>
    </net>
    <net code="28" name="Net-(U1-Pad30)">
      <node ref="U1" pin="30"/>
    </net>
    <net code="29" name="Net-(U1-Pad34)">
      <node ref="U1" pin="34"/>
    </net>
    <net code="30" name="Net-(U1-Pad35)">
      <node ref="U1" pin="35"/>
    </net>
    <net code="31" name="Net-(U1-Pad36)">
      <node ref="U1" pin="36"/>
    </net>
    <net code="32" name="Net-(U1-Pad37)">
      <node ref="U1" pin="37"/>
    </net>
    <net code="33" name="Net-(U1-Pad39)">
      <node ref="U1" pin="39"/>
    </net>
    <net code="34" name="Net-(U1-Pad4)">
      <node ref="U1" pin="4"/>
    </net>
    <net code="35" name="GND">
      <node ref="R5" pin="2"/>
      <node ref="U4" pin="4"/>
      <node ref="R10" pin="2"/>
      <node ref="R4" pin="2"/>
      <node ref="D2" pin="1"/>
      <node ref="J3" pin="1"/>
      <node ref="U4" pin="2"/>
      <node ref="C12" pin="2"/>
      <node ref="D4" pin="1"/>
      <node ref="C13" pin="2"/>
      <node ref="C11" pin="2"/>
      <node ref="U1" pin="42"/>
      <node ref="U1" pin="8"/>
      <node ref="U1" pin="18"/>
      <node ref="U1" pin="3"/>
      <node ref="U1" pin="23"/>
      <node ref="U1" pin="28"/>
      <node ref="U1" pin="33"/>
      <node ref="U1" pin="38"/>
      <node ref="U1" pin="13"/>
      <node ref="C5" pin="2"/>
      <node ref="C9" pin="2"/>
      <node ref="C10" pin="2"/>
      <node ref="Q1" pin="2"/>
      <node ref="C4" pin="2"/>
      <node ref="U2" pin="1"/>
      <node ref="U3" pin="1"/>
    </net>
    <net code="36" name="Net-(U1-Pad41)">
      <node ref="U1" pin="41"/>
    </net>
    <net code="37" name="Net-(U1-Pad43)">
      <node ref="U1" pin="43"/>
    </net>
    <net code="38" name="Net-(U1-Pad5)">
      <node ref="U1" pin="5"/>
    </net>
    <net code="39" name="Net-(LD1-Pad3)">
      <node ref="Q1" pin="3"/>
      <node ref="LD1" pin="3"/>
    </net>
    <net code="40" name="Net-(Q1-Pad1)">
      <node ref="Q1" pin="1"/>
      <node ref="R6" pin="1"/>
    </net>
    <net code="41" name="Net-(C2-Pad2)">
      <node ref="C2" pin="2"/>
      <node ref="U2" pin="7"/>
    </net>
    <net code="42" name="Net-(C1-Pad2)">
      <node ref="C1" pin="2"/>
      <node ref="U2" pin="12"/>
    </net>
    <net code="43" name="Net-(U2-Pad11)">
      <node ref="U2" pin="11"/>
    </net>
    <net code="44" name="+15V">
      <node ref="C4" pin="1"/>
      <node ref="C9" pin="1"/>
      <node ref="R11" pin="2"/>
      <node ref="R12" pin="1"/>
      <node ref="U2" pin="13"/>
      <node ref="U3" pin="13"/>
      <node ref="C13" pin="1"/>
      <node ref="D3" pin="1"/>
      <node ref="U2" pin="8"/>
      <node ref="U3" pin="3"/>
      <node ref="U2" pin="3"/>
      <node ref="U3" pin="8"/>
    </net>
    <net code="45" name="+12V">
      <node ref="C5" pin="1"/>
      <node ref="U2" pin="17"/>
      <node ref="R8" pin="2"/>
      <node ref="U3" pin="17"/>
      <node ref="U4" pin="6"/>
      <node ref="R7" pin="1"/>
      <node ref="C10" pin="1"/>
      <node ref="F1" pin="1"/>
      <node ref="C11" pin="1"/>
    </net>
    <net code="46" name="Net-(C3-Pad2)">
      <node ref="U2" pin="2"/>
      <node ref="C3" pin="2"/>
    </net>
    <net code="47" name="Net-(C1-Pad1)">
      <node ref="C1" pin="1"/>
      <node ref="U2" pin="23"/>
      <node ref="J1" pin="3"/>
    </net>
    <net code="48" name="Net-(C3-Pad1)">
      <node ref="C3" pin="1"/>
      <node ref="U2" pin="18"/>
      <node ref="J1" pin="1"/>
    </net>
    <net code="49" name="Net-(C2-Pad1)">
      <node ref="J1" pin="2"/>
      <node ref="C2" pin="1"/>
      <node ref="U2" pin="21"/>
    </net>
    <net code="50" name="Net-(R10-Pad1)">
      <node ref="R10" pin="1"/>
      <node ref="R11" pin="1"/>
      <node ref="U4" pin="5"/>
    </net>
    <net code="51" name="Net-(L1-Pad1)">
      <node ref="R9" pin="1"/>
      <node ref="U4" pin="7"/>
      <node ref="L1" pin="1"/>
      <node ref="R8" pin="1"/>
    </net>
    <net code="52" name="Net-(R9-Pad2)">
      <node ref="R9" pin="2"/>
      <node ref="U4" pin="8"/>
    </net>
    <net code="53" name="Net-(D3-Pad2)">
      <node ref="D3" pin="2"/>
      <node ref="U4" pin="1"/>
      <node ref="L1" pin="2"/>
    </net>
    <net code="54" name="Net-(D2-Pad2)">
      <node ref="D2" pin="2"/>
      <node ref="R7" pin="2"/>
    </net>
    <net code="55" name="Net-(D4-Pad2)">
      <node ref="R12" pin="2"/>
      <node ref="D4" pin="2"/>
    </net>
    <net code="56" name="+BATT">
      <node ref="J3" pin="2"/>
      <node ref="F1" pin="2"/>
    </net>
    <net code="57" name="Net-(C12-Pad1)">
      <node ref="U4" pin="3"/>
      <node ref="C12" pin="1"/>
    </net>
    <net code="58" name="Net-(C6-Pad1)">
      <node ref="J2" pin="3"/>
      <node ref="C6" pin="1"/>
      <node ref="U3" pin="23"/>
    </net>
    <net code="59" name="Net-(C8-Pad1)">
      <node ref="U3" pin="18"/>
      <node ref="J2" pin="1"/>
      <node ref="C8" pin="1"/>
    </net>
    <net code="60" name="Net-(C7-Pad1)">
      <node ref="C7" pin="1"/>
      <node ref="J2" pin="2"/>
      <node ref="U3" pin="21"/>
    </net>
    <net code="61" name="Net-(C7-Pad2)">
      <node ref="U3" pin="7"/>
      <node ref="C7" pin="2"/>
    </net>
    <net code="62" name="Net-(C6-Pad2)">
      <node ref="U3" pin="12"/>
      <node ref="C6" pin="2"/>
    </net>
    <net code="63" name="Net-(C8-Pad2)">
      <node ref="U3" pin="2"/>
      <node ref="C8" pin="2"/>
    </net>
    <net code="64" name="Net-(U3-Pad11)">
      <node ref="U3" pin="11"/>
    </net>
  </nets>
</export>
